{
  "clarkAssociates_Outlet_02_outlet_page_2" : {
    "transaction" : "clarkAssociates_Outlet_02_outlet_page_2",
    "sampleCount" : 1,
    "errorCount" : 0,
    "errorPct" : 0.0,
    "meanResTime" : 2590.0,
    "medianResTime" : 2590.0,
    "minResTime" : 2590.0,
    "maxResTime" : 2590.0,
    "pct1ResTime" : 2590.0,
    "pct2ResTime" : 2590.0,
    "pct3ResTime" : 2590.0,
    "throughput" : 0.3861003861003861,
    "receivedKBytesPerSec" : 410.4710877171815,
    "sentKBytesPerSec" : 130.95703125
  },
  "clarkAssociates_Outlet_04_product_page" : {
    "transaction" : "clarkAssociates_Outlet_04_product_page",
    "sampleCount" : 79,
    "errorCount" : 0,
    "errorPct" : 0.0,
    "meanResTime" : 2253.3670886075947,
    "medianResTime" : 2239.0,
    "minResTime" : 1406.0,
    "maxResTime" : 4520.0,
    "pct1ResTime" : 2724.0,
    "pct2ResTime" : 2906.0,
    "pct3ResTime" : 4520.0,
    "throughput" : 0.08981498113885396,
    "receivedKBytesPerSec" : 18.086366368311342,
    "sentKBytesPerSec" : 4.742971764557416
  },
  "Total" : {
    "transaction" : "Total",
    "sampleCount" : 1,
    "errorCount" : 0,
    "errorPct" : 0.0,
    "meanResTime" : 4334.0,
    "medianResTime" : 4334.0,
    "minResTime" : 4334.0,
    "maxResTime" : 4334.0,
    "pct1ResTime" : 4334.0,
    "pct2ResTime" : 4334.0,
    "pct3ResTime" : 4334.0,
    "throughput" : 0.23073373327180433,
    "receivedKBytesPerSec" : 13.682690643747117,
    "sentKBytesPerSec" : 2.097333583294878
  },
  "clarkAssociates_Outlet_01_outlet_page_1" : {
    "transaction" : "clarkAssociates_Outlet_01_outlet_page_1",
    "sampleCount" : 1,
    "errorCount" : 0,
    "errorPct" : 0.0,
    "meanResTime" : 8009.0,
    "medianResTime" : 8009.0,
    "minResTime" : 8009.0,
    "maxResTime" : 8009.0,
    "pct1ResTime" : 8009.0,
    "pct2ResTime" : 8009.0,
    "pct3ResTime" : 8009.0,
    "throughput" : 0.1248595330253465,
    "receivedKBytesPerSec" : 929.4327816753027,
    "sentKBytesPerSec" : 111.72611476151829
  },
  "clarkAssociates_Outlet_03_outlet_page_3" : {
    "transaction" : "clarkAssociates_Outlet_03_outlet_page_3",
    "sampleCount" : 1,
    "errorCount" : 0,
    "errorPct" : 0.0,
    "meanResTime" : 9215.0,
    "medianResTime" : 9215.0,
    "minResTime" : 9215.0,
    "maxResTime" : 9215.0,
    "pct1ResTime" : 9215.0,
    "pct2ResTime" : 9215.0,
    "pct3ResTime" : 9215.0,
    "throughput" : 0.10851871947911015,
    "receivedKBytesPerSec" : 883.0251924511666,
    "sentKBytesPerSec" : 185.79549308193162
  }
}