{
  "clarkAssociates_Outlet_02_outlet_page_2" : {
    "transaction" : "clarkAssociates_Outlet_02_outlet_page_2",
    "sampleCount" : 1,
    "errorCount" : 0,
    "errorPct" : 0.0,
    "meanResTime" : 2639.0,
    "medianResTime" : 2639.0,
    "minResTime" : 2639.0,
    "maxResTime" : 2639.0,
    "pct1ResTime" : 2639.0,
    "pct2ResTime" : 2639.0,
    "pct3ResTime" : 2639.0,
    "throughput" : 0.378931413414172,
    "receivedKBytesPerSec" : 398.19733741474045,
    "sentKBytesPerSec" : 128.67200821807504
  },
  "clarkAssociates_Outlet_04_product_page" : {
    "transaction" : "clarkAssociates_Outlet_04_product_page",
    "sampleCount" : 63,
    "errorCount" : 0,
    "errorPct" : 0.0,
    "meanResTime" : 2269.7619047619055,
    "medianResTime" : 2184.0,
    "minResTime" : 1403.0,
    "maxResTime" : 5609.0,
    "pct1ResTime" : 2811.2000000000003,
    "pct2ResTime" : 3393.199999999999,
    "pct3ResTime" : 5609.0,
    "throughput" : 0.07161125319693094,
    "receivedKBytesPerSec" : 13.734713563867576,
    "sentKBytesPerSec" : 4.030595073174197
  },
  "Total" : {
    "transaction" : "Total",
    "sampleCount" : 1,
    "errorCount" : 0,
    "errorPct" : 0.0,
    "meanResTime" : 5609.0,
    "medianResTime" : 5609.0,
    "minResTime" : 5609.0,
    "maxResTime" : 5609.0,
    "pct1ResTime" : 5609.0,
    "pct2ResTime" : 5609.0,
    "pct3ResTime" : 5609.0,
    "throughput" : 0.17828489926903193,
    "receivedKBytesPerSec" : 26.154429544036372,
    "sentKBytesPerSec" : 9.157297423783206
  },
  "clarkAssociates_Outlet_01_outlet_page_1" : {
    "transaction" : "clarkAssociates_Outlet_01_outlet_page_1",
    "sampleCount" : 1,
    "errorCount" : 0,
    "errorPct" : 0.0,
    "meanResTime" : 7234.0,
    "medianResTime" : 7234.0,
    "minResTime" : 7234.0,
    "maxResTime" : 7234.0,
    "pct1ResTime" : 7234.0,
    "pct2ResTime" : 7234.0,
    "pct3ResTime" : 7234.0,
    "throughput" : 0.13823610727121924,
    "receivedKBytesPerSec" : 1029.850359413879,
    "sentKBytesPerSec" : 124.33797864252142
  },
  "clarkAssociates_Outlet_03_outlet_page_3" : {
    "transaction" : "clarkAssociates_Outlet_03_outlet_page_3",
    "sampleCount" : 1,
    "errorCount" : 0,
    "errorPct" : 0.0,
    "meanResTime" : 9647.0,
    "medianResTime" : 9647.0,
    "minResTime" : 9647.0,
    "maxResTime" : 9647.0,
    "pct1ResTime" : 9647.0,
    "pct2ResTime" : 9647.0,
    "pct3ResTime" : 9647.0,
    "throughput" : 0.1036591686534674,
    "receivedKBytesPerSec" : 846.5992099227739,
    "sentKBytesPerSec" : 179.10704914740333
  }
}